Barry Bonds	1986	16
Barry Bonds	1987	25
Barry Bonds	1988	24
Barry Bonds	1989	19
Barry Bonds	1990	33
Barry Bonds	1991	25
Barry Bonds	1992	34
Barry Bonds	1993	46
Barry Bonds	1994	37
Barry Bonds	1995	33
Barry Bonds	1996	42
Barry Bonds	1997	40
Barry Bonds	1998	37
Barry Bonds	1999	34
Barry Bonds	2000	49
Barry Bonds	2001	73
Barry Bonds	2002	46
Barry Bonds	2003	45
Barry Bonds	2004	45
Barry Bonds	2005	5
Barry Bonds	2006	26
Barry Bonds	2007	28
Hank Aaron	1954	13
Hank Aaron	1955	27
Hank Aaron	1956	26
Hank Aaron	1957	44
Hank Aaron	1958	30
Hank Aaron	1959	39
Hank Aaron	1960	40
Hank Aaron	1961	34
Hank Aaron	1962	45
Hank Aaron	1963	44
Hank Aaron	1964	24
Hank Aaron	1965	32
Hank Aaron	1966	44
Hank Aaron	1967	39
Hank Aaron	1968	29
Hank Aaron	1969	44
Hank Aaron	1970	38
Hank Aaron	1971	47
Hank Aaron	1972	34
Hank Aaron	1973	40
Hank Aaron	1974	20
Hank Aaron	1975	12
Hank Aaron	1976	10
Babe Ruth	1914	0
Babe Ruth	1915	4
Babe Ruth	1916	3
Babe Ruth	1917	2
Babe Ruth	1918	11
Babe Ruth	1919	29
Babe Ruth	1920	54
Babe Ruth	1921	59
Babe Ruth	1922	35
Babe Ruth	1923	41
Babe Ruth	1924	46
Babe Ruth	1925	25
Babe Ruth	1926	47
Babe Ruth	1927	60
Babe Ruth	1928	54
Babe Ruth	1929	46
Babe Ruth	1930	49
Babe Ruth	1931	46
Babe Ruth	1932	41
Babe Ruth	1933	34
Babe Ruth	1934	22
Babe Ruth	1935	6
Albert Pujols	2001	37
Albert Pujols	2002	34
Albert Pujols	2003	43
Albert Pujols	2004	46
Albert Pujols	2005	41
Albert Pujols	2006	49
Albert Pujols	2007	32
Albert Pujols	2008	37
Albert Pujols	2009	47
Albert Pujols	2010	42
Albert Pujols	2011	37
Albert Pujols	2012	30
Albert Pujols	2013	17
Albert Pujols	2014	28
Albert Pujols	2015	40
Albert Pujols	2016	31
Albert Pujols	2017	23
Albert Pujols	2018	19
Albert Pujols	2019	23
Albert Pujols	2020	6
Albert Pujols	2021	17
Albert Pujols	2022	24
Alex Rodriguez	1994	0
Alex Rodriguez	1995	5
Alex Rodriguez	1996	36
Alex Rodriguez	1997	23
Alex Rodriguez	1998	42
Alex Rodriguez	1999	42
Alex Rodriguez	2000	41
Alex Rodriguez	2001	52
Alex Rodriguez	2002	57
Alex Rodriguez	2003	47
Alex Rodriguez	2004	36
Alex Rodriguez	2005	48
Alex Rodriguez	2006	35
Alex Rodriguez	2007	54
Alex Rodriguez	2008	35
Alex Rodriguez	2009	30
Alex Rodriguez	2010	30
Alex Rodriguez	2011	16
Alex Rodriguez	2012	18
Alex Rodriguez	2013	7
Alex Rodriguez	2015	33
Alex Rodriguez	2016	9
Willie Mays	1948	0
Willie Mays	1951	20
Willie Mays	1952	4
Willie Mays	1954	41
Willie Mays	1955	51
Willie Mays	1956	36
Willie Mays	1957	35
Willie Mays	1958	29
Willie Mays	1959	34
Willie Mays	1960	29
Willie Mays	1961	40
Willie Mays	1962	49
Willie Mays	1963	38
Willie Mays	1964	47
Willie Mays	1965	52
Willie Mays	1966	37
Willie Mays	1967	22
Willie Mays	1968	23
Willie Mays	1969	13
Willie Mays	1970	28
Willie Mays	1971	18
Willie Mays	1972	8
Willie Mays	1973	6
Ken Griffey	1989	16
Ken Griffey	1990	22
Ken Griffey	1991	22
Ken Griffey	1992	27
Ken Griffey	1993	45
Ken Griffey	1994	40
Ken Griffey	1995	17
Ken Griffey	1996	49
Ken Griffey	1997	56
Ken Griffey	1998	56
Ken Griffey	1999	48
Ken Griffey	2000	40
Ken Griffey	2001	22
Ken Griffey	2002	8
Ken Griffey	2003	13
Ken Griffey	2004	20
Ken Griffey	2005	35
Ken Griffey	2006	27
Ken Griffey	2007	30
Ken Griffey	2008	18
Ken Griffey	2009	19
Ken Griffey	2010	0
Jim Thome	1991	1
Jim Thome	1992	2
Jim Thome	1993	7
Jim Thome	1994	20
Jim Thome	1995	25
Jim Thome	1996	38
Jim Thome	1997	40
Jim Thome	1998	30
Jim Thome	1999	33
Jim Thome	2000	37
Jim Thome	2001	49
Jim Thome	2002	52
Jim Thome	2003	47
Jim Thome	2004	42
Jim Thome	2005	7
Jim Thome	2006	42
Jim Thome	2007	35
Jim Thome	2008	34
Jim Thome	2009	23
Jim Thome	2010	25
Jim Thome	2011	15
Jim Thome	2012	8
Sammy Sosa	1989	4
Sammy Sosa	1990	15
Sammy Sosa	1991	10
Sammy Sosa	1992	8
Sammy Sosa	1993	33
Sammy Sosa	1994	25
Sammy Sosa	1995	36
Sammy Sosa	1996	40
Sammy Sosa	1997	36
Sammy Sosa	1998	66
Sammy Sosa	1999	63
Sammy Sosa	2000	50
Sammy Sosa	2001	64
Sammy Sosa	2002	49
Sammy Sosa	2003	40
Sammy Sosa	2004	35
Sammy Sosa	2005	14
Sammy Sosa	2007	21
Frank Robinson	1956	38
Frank Robinson	1957	29
Frank Robinson	1958	31
Frank Robinson	1959	36
Frank Robinson	1960	31
Frank Robinson	1961	37
Frank Robinson	1962	39
Frank Robinson	1963	21
Frank Robinson	1964	29
Frank Robinson	1965	33
Frank Robinson	1966	49
Frank Robinson	1967	30
Frank Robinson	1968	15
Frank Robinson	1969	32
Frank Robinson	1970	25
Frank Robinson	1971	28
Frank Robinson	1972	19
Frank Robinson	1973	30
Frank Robinson	1974	22
Frank Robinson	1975	9
Frank Robinson	1976	3
Mark McGwire	1986	3
Mark McGwire	1987	49
Mark McGwire	1988	32
Mark McGwire	1989	33
Mark McGwire	1990	39
Mark McGwire	1991	22
Mark McGwire	1992	42
Mark McGwire	1993	9
Mark McGwire	1994	9
Mark McGwire	1995	39
Mark McGwire	1996	52
Mark McGwire	1997	58
Mark McGwire	1998	70
Mark McGwire	1999	65
Mark McGwire	2000	32
Mark McGwire	2001	29
Harmon Killebrew	1954	0
Harmon Killebrew	1955	4
Harmon Killebrew	1956	5
Harmon Killebrew	1957	2
Harmon Killebrew	1958	0
Harmon Killebrew	1959	42
Harmon Killebrew	1960	31
Harmon Killebrew	1961	46
Harmon Killebrew	1962	48
Harmon Killebrew	1963	45
Harmon Killebrew	1964	49
Harmon Killebrew	1965	25
Harmon Killebrew	1966	39
Harmon Killebrew	1967	44
Harmon Killebrew	1968	17
Harmon Killebrew	1969	49
Harmon Killebrew	1970	41
Harmon Killebrew	1971	28
Harmon Killebrew	1972	26
Harmon Killebrew	1973	5
Harmon Killebrew	1974	13
Harmon Killebrew	1975	14
Rafael Palmeiro	1986	3
Rafael Palmeiro	1987	14
Rafael Palmeiro	1988	8
Rafael Palmeiro	1989	8
Rafael Palmeiro	1990	14
Rafael Palmeiro	1991	26
Rafael Palmeiro	1992	22
Rafael Palmeiro	1993	37
Rafael Palmeiro	1994	23
Rafael Palmeiro	1995	39
Rafael Palmeiro	1996	39
Rafael Palmeiro	1997	38
Rafael Palmeiro	1998	43
Rafael Palmeiro	1999	47
Rafael Palmeiro	2000	39
Rafael Palmeiro	2001	47
Rafael Palmeiro	2002	43
Rafael Palmeiro	2003	38
Rafael Palmeiro	2004	23
Rafael Palmeiro	2005	18
Reggie Jackson	1967	1
Reggie Jackson	1968	29
Reggie Jackson	1969	47
Reggie Jackson	1970	23
Reggie Jackson	1971	32
Reggie Jackson	1972	25
Reggie Jackson	1973	32
Reggie Jackson	1974	29
Reggie Jackson	1975	36
Reggie Jackson	1976	27
Reggie Jackson	1977	32
Reggie Jackson	1978	27
Reggie Jackson	1979	29
Reggie Jackson	1980	41
Reggie Jackson	1981	15
Reggie Jackson	1982	39
Reggie Jackson	1983	14
Reggie Jackson	1984	25
Reggie Jackson	1985	27
Reggie Jackson	1986	18
Reggie Jackson	1987	15
Manny Ramirez	1993	2
Manny Ramirez	1994	17
Manny Ramirez	1995	31
Manny Ramirez	1996	33
Manny Ramirez	1997	26
Manny Ramirez	1998	45
Manny Ramirez	1999	44
Manny Ramirez	2000	38
Manny Ramirez	2001	41
Manny Ramirez	2002	33
Manny Ramirez	2003	37
Manny Ramirez	2004	43
Manny Ramirez	2005	45
Manny Ramirez	2006	35
Manny Ramirez	2007	20
Manny Ramirez	2008	37
Manny Ramirez	2009	19
Manny Ramirez	2010	9
Manny Ramirez	2011	0
Mike Schmidt	1972	1
Mike Schmidt	1973	18
Mike Schmidt	1974	36
Mike Schmidt	1975	38
Mike Schmidt	1976	38
Mike Schmidt	1977	38
Mike Schmidt	1978	21
Mike Schmidt	1979	45
Mike Schmidt	1980	48
Mike Schmidt	1981	31
Mike Schmidt	1982	35
Mike Schmidt	1983	40
Mike Schmidt	1984	36
Mike Schmidt	1985	33
Mike Schmidt	1986	37
Mike Schmidt	1987	35
Mike Schmidt	1988	12
Mike Schmidt	1989	6
David Ortiz	1997	1
David Ortiz	1998	9
David Ortiz	1999	0
David Ortiz	2000	10
David Ortiz	2001	18
David Ortiz	2002	20
David Ortiz	2003	31
David Ortiz	2004	41
David Ortiz	2005	47
David Ortiz	2006	54
David Ortiz	2007	35
David Ortiz	2008	23
David Ortiz	2009	28
David Ortiz	2010	32
David Ortiz	2011	29
David Ortiz	2012	23
David Ortiz	2013	30
David Ortiz	2014	35
David Ortiz	2015	37
David Ortiz	2016	38
Mickey Mantle	1951	13
Mickey Mantle	1952	23
Mickey Mantle	1953	21
Mickey Mantle	1954	27
Mickey Mantle	1955	37
Mickey Mantle	1956	52
Mickey Mantle	1957	34
Mickey Mantle	1958	42
Mickey Mantle	1959	31
Mickey Mantle	1960	40
Mickey Mantle	1961	54
Mickey Mantle	1962	30
Mickey Mantle	1963	15
Mickey Mantle	1964	35
Mickey Mantle	1965	19
Mickey Mantle	1966	23
Mickey Mantle	1967	22
Mickey Mantle	1968	18
Jimmie Foxx	1925	0
Jimmie Foxx	1926	0
Jimmie Foxx	1927	3
Jimmie Foxx	1928	13
Jimmie Foxx	1929	33
Jimmie Foxx	1930	37
Jimmie Foxx	1931	30
Jimmie Foxx	1932	58
Jimmie Foxx	1933	48
Jimmie Foxx	1934	44
Jimmie Foxx	1935	36
Jimmie Foxx	1936	41
Jimmie Foxx	1937	36
Jimmie Foxx	1938	50
Jimmie Foxx	1939	35
Jimmie Foxx	1940	36
Jimmie Foxx	1941	19
Jimmie Foxx	1942	8
Jimmie Foxx	1944	0
Jimmie Foxx	1945	7
Frank Thomas	1990	7
Frank Thomas	1991	32
Frank Thomas	1992	24
Frank Thomas	1993	41
Frank Thomas	1994	38
Frank Thomas	1995	40
Frank Thomas	1996	40
Frank Thomas	1997	35
Frank Thomas	1998	29
Frank Thomas	1999	15
Frank Thomas	2000	43
Frank Thomas	2001	4
Frank Thomas	2002	28
Frank Thomas	2003	42
Frank Thomas	2004	18
Frank Thomas	2005	12
Frank Thomas	2006	39
Frank Thomas	2007	26
Frank Thomas	2008	8
Ted Williams	1939	31
Ted Williams	1940	23
Ted Williams	1941	37
Ted Williams	1942	36
Ted Williams	1946	38
Ted Williams	1947	32
Ted Williams	1948	25
Ted Williams	1949	43
Ted Williams	1950	28
Ted Williams	1951	30
Ted Williams	1952	1
Ted Williams	1953	13
Ted Williams	1954	29
Ted Williams	1955	28
Ted Williams	1956	24
Ted Williams	1957	38
Ted Williams	1958	26
Ted Williams	1959	10
Ted Williams	1960	29
Willie McCovey	1959	13
Willie McCovey	1960	13
Willie McCovey	1961	18
Willie McCovey	1962	20
Willie McCovey	1963	44
Willie McCovey	1964	18
Willie McCovey	1965	39
Willie McCovey	1966	36
Willie McCovey	1967	31
Willie McCovey	1968	36
Willie McCovey	1969	45
Willie McCovey	1970	39
Willie McCovey	1971	18
Willie McCovey	1972	14
Willie McCovey	1973	29
Willie McCovey	1974	22
Willie McCovey	1975	23
Willie McCovey	1976	7
Willie McCovey	1977	28
Willie McCovey	1978	12
Willie McCovey	1979	15
Willie McCovey	1980	1
Eddie Mathews	1952	25
Eddie Mathews	1953	47
Eddie Mathews	1954	40
Eddie Mathews	1955	41
Eddie Mathews	1956	37
Eddie Mathews	1957	32
Eddie Mathews	1958	31
Eddie Mathews	1959	46
Eddie Mathews	1960	39
Eddie Mathews	1961	32
Eddie Mathews	1962	29
Eddie Mathews	1963	23
Eddie Mathews	1964	23
Eddie Mathews	1965	32
Eddie Mathews	1966	16
Eddie Mathews	1967	16
Eddie Mathews	1968	3
Ernie Banks	1953	2
Ernie Banks	1954	19
Ernie Banks	1955	44
Ernie Banks	1956	28
Ernie Banks	1957	43
Ernie Banks	1958	47
Ernie Banks	1959	45
Ernie Banks	1960	41
Ernie Banks	1961	29
Ernie Banks	1962	37
Ernie Banks	1963	18
Ernie Banks	1964	23
Ernie Banks	1965	28
Ernie Banks	1966	15
Ernie Banks	1967	23
Ernie Banks	1968	32
Ernie Banks	1969	23
Ernie Banks	1970	12
Ernie Banks	1971	3
Mel Ott	1926	0
Mel Ott	1927	1
Mel Ott	1928	18
Mel Ott	1929	42
Mel Ott	1930	25
Mel Ott	1931	29
Mel Ott	1932	38
Mel Ott	1933	23
Mel Ott	1934	35
Mel Ott	1935	31
Mel Ott	1936	33
Mel Ott	1937	31
Mel Ott	1938	36
Mel Ott	1939	27
Mel Ott	1940	19
Mel Ott	1941	27
Mel Ott	1942	30
Mel Ott	1943	18
Mel Ott	1944	26
Mel Ott	1945	21
Mel Ott	1946	1
Mel Ott	1947	0
Miguel Cabrera	2003	12
Miguel Cabrera	2004	33
Miguel Cabrera	2005	33
Miguel Cabrera	2006	26
Miguel Cabrera	2007	34
Miguel Cabrera	2008	37
Miguel Cabrera	2009	34
Miguel Cabrera	2010	38
Miguel Cabrera	2011	30
Miguel Cabrera	2012	44
Miguel Cabrera	2013	44
Miguel Cabrera	2014	25
Miguel Cabrera	2015	18
Miguel Cabrera	2016	38
Miguel Cabrera	2017	16
Miguel Cabrera	2018	3
Miguel Cabrera	2019	12
Miguel Cabrera	2020	10
Miguel Cabrera	2021	15
Miguel Cabrera	2022	5
Miguel Cabrera	2023	4
Gary Sheffield	1988	4
Gary Sheffield	1989	5
Gary Sheffield	1990	10
Gary Sheffield	1991	2
Gary Sheffield	1992	33
Gary Sheffield	1993	20
Gary Sheffield	1994	27
Gary Sheffield	1995	16
Gary Sheffield	1996	42
Gary Sheffield	1997	21
Gary Sheffield	1998	22
Gary Sheffield	1999	34
Gary Sheffield	2000	43
Gary Sheffield	2001	36
Gary Sheffield	2002	25
Gary Sheffield	2003	39
Gary Sheffield	2004	36
Gary Sheffield	2005	34
Gary Sheffield	2006	6
Gary Sheffield	2007	25
Gary Sheffield	2008	19
Gary Sheffield	2009	10
Eddie Murray	1977	27
Eddie Murray	1978	27
Eddie Murray	1979	25
Eddie Murray	1980	32
Eddie Murray	1981	22
Eddie Murray	1982	32
Eddie Murray	1983	33
Eddie Murray	1984	29
Eddie Murray	1985	31
Eddie Murray	1986	17
Eddie Murray	1987	30
Eddie Murray	1988	28
Eddie Murray	1989	20
Eddie Murray	1990	26
Eddie Murray	1991	19
Eddie Murray	1992	16
Eddie Murray	1993	27
Eddie Murray	1994	17
Eddie Murray	1995	21
Eddie Murray	1996	22
Eddie Murray	1997	3
