Nolan Ryan	1966	6
Nolan Ryan	1968	133
Nolan Ryan	1969	92
Nolan Ryan	1970	125
Nolan Ryan	1971	137
Nolan Ryan	1972	329
Nolan Ryan	1973	383
Nolan Ryan	1974	367
Nolan Ryan	1975	186
Nolan Ryan	1976	327
Nolan Ryan	1977	341
Nolan Ryan	1978	260
Nolan Ryan	1979	223
Nolan Ryan	1980	200
Nolan Ryan	1981	140
Nolan Ryan	1982	245
Nolan Ryan	1983	183
Nolan Ryan	1984	197
Nolan Ryan	1985	209
Nolan Ryan	1986	194
Nolan Ryan	1987	270
Nolan Ryan	1988	228
Nolan Ryan	1989	301
Nolan Ryan	1990	232
Nolan Ryan	1991	203
Nolan Ryan	1992	157
Nolan Ryan	1993	46
Randy Johnson	1988	25
Randy Johnson	1989	130
Randy Johnson	1990	194
Randy Johnson	1991	228
Randy Johnson	1992	241
Randy Johnson	1993	308
Randy Johnson	1994	204
Randy Johnson	1995	294
Randy Johnson	1996	85
Randy Johnson	1997	291
Randy Johnson	1998	329
Randy Johnson	1999	364
Randy Johnson	2000	347
Randy Johnson	2001	372
Randy Johnson	2002	334
Randy Johnson	2003	125
Randy Johnson	2004	290
Randy Johnson	2005	211
Randy Johnson	2006	172
Randy Johnson	2007	72
Randy Johnson	2008	173
Randy Johnson	2009	86
Roger Clemens	1984	126
Roger Clemens	1985	74
Roger Clemens	1986	238
Roger Clemens	1987	256
Roger Clemens	1988	291
Roger Clemens	1989	230
Roger Clemens	1990	209
Roger Clemens	1991	241
Roger Clemens	1992	208
Roger Clemens	1993	160
Roger Clemens	1994	168
Roger Clemens	1995	132
Roger Clemens	1996	257
Roger Clemens	1997	292
Roger Clemens	1998	271
Roger Clemens	1999	163
Roger Clemens	2000	188
Roger Clemens	2001	213
Roger Clemens	2002	192
Roger Clemens	2003	190
Roger Clemens	2004	218
Roger Clemens	2005	185
Roger Clemens	2006	102
Roger Clemens	2007	68
Steve Carlton	1965	21
Steve Carlton	1966	25
Steve Carlton	1967	168
Steve Carlton	1968	162
Steve Carlton	1969	210
Steve Carlton	1970	193
Steve Carlton	1971	172
Steve Carlton	1972	310
Steve Carlton	1973	223
Steve Carlton	1974	240
Steve Carlton	1975	192
Steve Carlton	1976	195
Steve Carlton	1977	198
Steve Carlton	1978	161
Steve Carlton	1979	213
Steve Carlton	1980	286
Steve Carlton	1981	179
Steve Carlton	1982	286
Steve Carlton	1983	275
Steve Carlton	1984	163
Steve Carlton	1985	48
Steve Carlton	1986	120
Steve Carlton	1987	91
Steve Carlton	1988	5
Bert Blyleven	1970	135
Bert Blyleven	1971	224
Bert Blyleven	1972	228
Bert Blyleven	1973	258
Bert Blyleven	1974	249
Bert Blyleven	1975	233
Bert Blyleven	1976	219
Bert Blyleven	1977	182
Bert Blyleven	1978	182
Bert Blyleven	1979	172
Bert Blyleven	1980	168
Bert Blyleven	1981	107
Bert Blyleven	1982	19
Bert Blyleven	1983	123
Bert Blyleven	1984	170
Bert Blyleven	1985	206
Bert Blyleven	1986	215
Bert Blyleven	1987	196
Bert Blyleven	1988	145
Bert Blyleven	1989	131
Bert Blyleven	1990	69
Bert Blyleven	1992	70
Tom Seaver	1967	170
Tom Seaver	1968	205
Tom Seaver	1969	208
Tom Seaver	1970	283
Tom Seaver	1971	289
Tom Seaver	1972	249
Tom Seaver	1973	251
Tom Seaver	1974	201
Tom Seaver	1975	243
Tom Seaver	1976	235
Tom Seaver	1977	196
Tom Seaver	1978	226
Tom Seaver	1979	131
Tom Seaver	1980	101
Tom Seaver	1981	87
Tom Seaver	1982	62
Tom Seaver	1983	135
Tom Seaver	1984	131
Tom Seaver	1985	134
Tom Seaver	1986	103
Don Sutton	1966	209
Don Sutton	1967	169
Don Sutton	1968	162
Don Sutton	1969	217
Don Sutton	1970	201
Don Sutton	1971	194
Don Sutton	1972	207
Don Sutton	1973	200
Don Sutton	1974	179
Don Sutton	1975	175
Don Sutton	1976	161
Don Sutton	1977	150
Don Sutton	1978	154
Don Sutton	1979	146
Don Sutton	1980	128
Don Sutton	1981	104
Don Sutton	1982	175
Don Sutton	1983	134
Don Sutton	1984	143
Don Sutton	1985	107
Don Sutton	1986	116
Don Sutton	1987	99
Don Sutton	1988	44
Justin Verlander	2005	7
Justin Verlander	2006	124
Justin Verlander	2007	183
Justin Verlander	2008	163
Justin Verlander	2009	269
Justin Verlander	2010	219
Justin Verlander	2011	250
Justin Verlander	2012	239
Justin Verlander	2013	217
Justin Verlander	2014	159
Justin Verlander	2015	113
Justin Verlander	2016	254
Justin Verlander	2017	219
Justin Verlander	2018	290
Justin Verlander	2019	300
Justin Verlander	2020	7
Justin Verlander	2022	185
Justin Verlander	2023	144
Justin Verlander	2024	74
Justin Verlander	2025	137
Gaylord Perry	1962	20
Gaylord Perry	1963	52
Gaylord Perry	1964	155
Gaylord Perry	1965	170
Gaylord Perry	1966	201
Gaylord Perry	1967	230
Gaylord Perry	1968	173
Gaylord Perry	1969	233
Gaylord Perry	1970	214
Gaylord Perry	1971	158
Gaylord Perry	1972	234
Gaylord Perry	1973	238
Gaylord Perry	1974	216
Gaylord Perry	1975	233
Gaylord Perry	1976	143
Gaylord Perry	1977	177
Gaylord Perry	1978	154
Gaylord Perry	1979	140
Gaylord Perry	1980	135
Gaylord Perry	1981	60
Gaylord Perry	1982	116
Gaylord Perry	1983	82
Walter Johnson	1907	71
Walter Johnson	1908	160
Walter Johnson	1909	164
Walter Johnson	1910	313
Walter Johnson	1911	207
Walter Johnson	1912	303
Walter Johnson	1913	243
Walter Johnson	1914	225
Walter Johnson	1915	203
Walter Johnson	1916	228
Walter Johnson	1917	188
Walter Johnson	1918	162
Walter Johnson	1919	147
Walter Johnson	1920	78
Walter Johnson	1921	143
Walter Johnson	1922	105
Walter Johnson	1923	130
Walter Johnson	1924	158
Walter Johnson	1925	108
Walter Johnson	1926	125
Walter Johnson	1927	48
Max Scherzer	2008	66
Max Scherzer	2009	174
Max Scherzer	2010	184
Max Scherzer	2011	174
Max Scherzer	2012	231
Max Scherzer	2013	240
Max Scherzer	2014	252
Max Scherzer	2015	276
Max Scherzer	2016	284
Max Scherzer	2017	268
Max Scherzer	2018	300
Max Scherzer	2019	243
Max Scherzer	2020	92
Max Scherzer	2021	236
Max Scherzer	2022	173
Max Scherzer	2023	174
Max Scherzer	2024	40
Max Scherzer	2025	82
Greg Maddux	1986	20
Greg Maddux	1987	101
Greg Maddux	1988	140
Greg Maddux	1989	135
Greg Maddux	1990	144
Greg Maddux	1991	198
Greg Maddux	1992	199
Greg Maddux	1993	197
Greg Maddux	1994	156
Greg Maddux	1995	181
Greg Maddux	1996	172
Greg Maddux	1997	177
Greg Maddux	1998	204
Greg Maddux	1999	136
Greg Maddux	2000	190
Greg Maddux	2001	173
Greg Maddux	2002	118
Greg Maddux	2003	124
Greg Maddux	2004	151
Greg Maddux	2005	136
Greg Maddux	2006	117
Greg Maddux	2007	104
Greg Maddux	2008	98
Phil Niekro	1964	8
Phil Niekro	1965	49
Phil Niekro	1966	17
Phil Niekro	1967	129
Phil Niekro	1968	140
Phil Niekro	1969	193
Phil Niekro	1970	168
Phil Niekro	1971	173
Phil Niekro	1972	164
Phil Niekro	1973	131
Phil Niekro	1974	195
Phil Niekro	1975	144
Phil Niekro	1976	173
Phil Niekro	1977	262
Phil Niekro	1978	248
Phil Niekro	1979	208
Phil Niekro	1980	176
Phil Niekro	1981	62
Phil Niekro	1982	144
Phil Niekro	1983	128
Phil Niekro	1984	136
Phil Niekro	1985	149
Phil Niekro	1986	81
Phil Niekro	1987	64
Fergie Jenkins	1965	10
Fergie Jenkins	1966	150
Fergie Jenkins	1967	236
Fergie Jenkins	1968	260
Fergie Jenkins	1969	273
Fergie Jenkins	1970	274
Fergie Jenkins	1971	263
Fergie Jenkins	1972	184
Fergie Jenkins	1973	170
Fergie Jenkins	1974	225
Fergie Jenkins	1975	157
Fergie Jenkins	1976	142
Fergie Jenkins	1977	105
Fergie Jenkins	1978	157
Fergie Jenkins	1979	164
Fergie Jenkins	1980	129
Fergie Jenkins	1981	63
Fergie Jenkins	1982	134
Fergie Jenkins	1983	96
Pedro Martinez	1992	8
Pedro Martinez	1993	119
Pedro Martinez	1994	142
Pedro Martinez	1995	174
Pedro Martinez	1996	222
Pedro Martinez	1997	305
Pedro Martinez	1998	251
Pedro Martinez	1999	313
Pedro Martinez	2000	284
Pedro Martinez	2001	163
Pedro Martinez	2002	239
Pedro Martinez	2003	206
Pedro Martinez	2004	227
Pedro Martinez	2005	208
Pedro Martinez	2006	137
Pedro Martinez	2007	32
Pedro Martinez	2008	87
Pedro Martinez	2009	37
Bob Gibson	1959	48
Bob Gibson	1960	69
Bob Gibson	1961	166
Bob Gibson	1962	208
Bob Gibson	1963	204
Bob Gibson	1964	245
Bob Gibson	1965	270
Bob Gibson	1966	225
Bob Gibson	1967	147
Bob Gibson	1968	268
Bob Gibson	1969	269
Bob Gibson	1970	274
Bob Gibson	1971	185
Bob Gibson	1972	208
Bob Gibson	1973	142
Bob Gibson	1974	129
Bob Gibson	1975	60
Curt Schilling	1988	4
Curt Schilling	1989	6
Curt Schilling	1990	32
Curt Schilling	1991	71
Curt Schilling	1992	147
Curt Schilling	1993	186
Curt Schilling	1994	58
Curt Schilling	1995	114
Curt Schilling	1996	182
Curt Schilling	1997	319
Curt Schilling	1998	300
Curt Schilling	1999	152
Curt Schilling	2000	168
Curt Schilling	2001	293
Curt Schilling	2002	316
Curt Schilling	2003	194
Curt Schilling	2004	203
Curt Schilling	2005	87
Curt Schilling	2006	183
Curt Schilling	2007	101
CC Sabathia	2001	171
CC Sabathia	2002	149
CC Sabathia	2003	141
CC Sabathia	2004	139
CC Sabathia	2005	161
CC Sabathia	2006	172
CC Sabathia	2007	209
CC Sabathia	2008	251
CC Sabathia	2009	197
CC Sabathia	2010	197
CC Sabathia	2011	230
CC Sabathia	2012	197
CC Sabathia	2013	175
CC Sabathia	2014	48
CC Sabathia	2015	137
CC Sabathia	2016	152
CC Sabathia	2017	120
CC Sabathia	2018	140
CC Sabathia	2019	107
John Smoltz	1988	37
John Smoltz	1989	168
John Smoltz	1990	170
John Smoltz	1991	148
John Smoltz	1992	215
John Smoltz	1993	208
John Smoltz	1994	113
John Smoltz	1995	193
John Smoltz	1996	276
John Smoltz	1997	241
John Smoltz	1998	173
John Smoltz	1999	156
John Smoltz	2001	57
John Smoltz	2002	85
John Smoltz	2003	73
John Smoltz	2004	85
John Smoltz	2005	169
John Smoltz	2006	211
John Smoltz	2007	197
John Smoltz	2008	36
John Smoltz	2009	73
Clayton Kershaw	2008	100
Clayton Kershaw	2009	185
Clayton Kershaw	2010	212
Clayton Kershaw	2011	248
Clayton Kershaw	2012	229
Clayton Kershaw	2013	232
Clayton Kershaw	2014	239
Clayton Kershaw	2015	301
Clayton Kershaw	2016	172
Clayton Kershaw	2017	202
Clayton Kershaw	2018	155
Clayton Kershaw	2019	189
Clayton Kershaw	2020	62
Clayton Kershaw	2021	144
Clayton Kershaw	2022	137
Clayton Kershaw	2023	137
Clayton Kershaw	2024	24
Clayton Kershaw	2025	84
